Workbook

Sheet 最后反馈问卷（多）
A1: 参与者编号 | B1: 印象最深刻的故事章节_皮埃尔章节古堡解谜 | C1: 印象最深刻的故事章节_皮埃尔章节太空舞台 | D1: 印象最深刻的故事章节_序章雨中城市 | E1: 印象最深刻的故事章节_序章萨沙的家 | F1: 印象最深刻的故事章节_皮埃尔章节森林小路 | G1: 最吸引的协作环节_双人线索拼合 | H1: 最吸引的协作环节_古堡机关同步 | I1: 最吸引的协作环节_跨媒介联动 | J1: 最吸引的协作环节_3D叙事交互 | K1: 最吸引的协作环节_具身交互操作 | L1: 最吸引的协作环节_黑板绘画共创 | M1: 未主动体验VR_担心头晕不适 | N1: 未主动体验VR_公共场合不自在 | O1: 未主动体验VR_设备门槛高 | P1: 未主动体验VR_内容单调无聊 | Q1: 未主动体验VR_空闲时间不足 | R1: 未主动体验VR_价格高无渠道 | S1: 拒绝体验XR_围观人数多 | T1: 拒绝体验XR_设备陈旧不卫生 | U1: 拒绝体验XR_环境闷热嘈杂 | V1: 拒绝体验XR_无工作人员引导 | W1: 拒绝体验XR_穿着不便 | X1: 拒绝体验XR_体验时长过长
A2: 1 | B2: 1 | C2: 1 | D2: 0 | E2: 1 | F2: 0 | G2: 1 | H2: 1 | I2: 0 | J2: 0 | K2: 0 | L2: 1 | M2: 1 | N2: 1 | O2: 1 | P2: 0 | Q2: 0 | R2: 0 | S2: 1 | T2: 1 | U2: 0 | V2: 1 | W2: 0 | X2: 1
A3: 2 | B3: 1 | C3: 1 | D3: 1 | E3: 0 | F3: 0 | G3: 1 | H3: 1 | I3: 0 | J3: 1 | K3: 1 | L3: 0 | M3: 1 | N3: 1 | O3: 0 | P3: 0 | Q3: 0 | R3: 1 | S3: 1 | T3: 1 | U3: 0 | V3: 0 | W3: 1 | X3: 1
A4: 3 | B4: 1 | C4: 1 | D4: 0 | E4: 1 | F4: 1 | G4: 1 | H4: 1 | I4: 0 | J4: 0 | K4: 1 | L4: 1 | M4: 1 | N4: 1 | O4: 1 | P4: 1 | Q4: 1 | R4: 0 | S4: 1 | T4: 1 | U4: 1 | V4: 1 | W4: 0 | X4: 1
A5: 4 | B5: 1 | C5: 1 | D5: 0 | E5: 1 | F5: 1 | G5: 1 | H5: 1 | I5: 0 | J5: 1 | K5: 1 | L5: 0 | M5: 1 | N5: 1 | O5: 1 | P5: 1 | Q5: 0 | R5: 0 | S5: 1 | T5: 1 | U5: 1 | V5: 0 | W5: 0 | X5: 0
A6: 5 | B6: 1 | C6: 1 | D6: 0 | E6: 1 | F6: 1 | G6: 1 | H6: 1 | I6: 0 | J6: 0 | K6: 1 | L6: 0 | M6: 1 | N6: 1 | O6: 1 | P6: 1 | Q6: 0 | R6: 1 | S6: 1 | T6: 1 | U6: 1 | V6: 0 | W6: 0 | X6: 1
A7: 6 | B7: 1 | C7: 1 | D7: 1 | E7: 1 | F7: 1 | G7: 1 | H7: 1 | I7: 1 | J7: 0 | K7: 1 | L7: 1 | M7: 1 | N7: 1 | O7: 0 | P7: 0 | Q7: 0 | R7: 0 | S7: 1 | T7: 1 | U7: 1 | V7: 1 | W7: 1 | X7: 0
A8: 7 | B8: 1 | C8: 1 | D8: 0 | E8: 1 | F8: 1 | G8: 1 | H8: 1 | I8: 1 | J8: 1 | K8: 1 | L8: 1 | M8: 1 | N8: 1 | O8: 0 | P8: 1 | Q8: 1 | R8: 1 | S8: 1 | T8: 1 | U8: 0 | V8: 0 | W8: 1 | X8: 0
A9: 8 | B9: 1 | C9: 1 | D9: 0 | E9: 1 | F9: 0 | G9: 1 | H9: 1 | I9: 0 | J9: 0 | K9: 1 | L9: 0 | M9: 1 | N9: 1 | O9: 0 | P9: 0 | Q9: 0 | R9: 1 | S9: 1 | T9: 1 | U9: 1 | V9: 0 | W9: 1 | X9: 0
A10: 9 | B10: 1 | C10: 1 | D10: 0 | E10: 1 | F10: 1 | G10: 1 | H10: 1 | I10: 1 | J10: 1 | K10: 1 | L10: 1 | M10: 1 | N10: 1 | O10: 0 | P10: 0 | Q10: 0 | R10: 1 | S10: 1 | T10: 1 | U10: 0 | V10: 0 | W10: 0 | X10: 0
A11: 10 | B11: 1 | C11: 1 | D11: 1 | E11: 1 | F11: 1 | G11: 1 | H11: 1 | I11: 1 | J11: 1 | K11: 0 | L11: 1 | M11: 1 | N11: 1 | O11: 1 | P11: 1 | Q11: 1 | R11: 0 | S11: 1 | T11: 1 | U11: 0 | V11: 0 | W11: 0 | X11: 1
A12: 11 | B12: 1 | C12: 1 | D12: 0 | E12: 0 | F12: 0 | G12: 1 | H12: 1 | I12: 1 | J12: 1 | K12: 1 | L12: 1 | M12: 1 | N12: 1 | O12: 0 | P12: 1 | Q12: 0 | R12: 0 | S12: 1 | T12: 1 | U12: 1 | V12: 1 | W12: 1 | X12: 0
A13: 12 | B13: 1 | C13: 1 | D13: 0 | E13: 0 | F13: 1 | G13: 1 | H13: 1 | I13: 1 | J13: 1 | K13: 0 | L13: 0 | M13: 1 | N13: 1 | O13: 0 | P13: 0 | Q13: 0 | R13: 0 | S13: 1 | T13: 1 | U13: 1 | V13: 0 | W13: 1 | X13: 0
... A21: 20 | B21: 1 | C21: 1 | D21: 0 | E21: 0 | F21: 0 | G21: 1 | H21: 1 | I21: 1 | J21: 0 | K21: 0 | L21: 0 | M21: 0 | N21: 0 | O21: 1 | P21: 0 | Q21: 0 | R21: 0 | S21: 1 | T21: 1 | U21: 1 | V21: 0 | W21: 1 | X21: 1

Sheet 最后反馈问卷（多选）
B1: 印象最深刻的故事章节_皮埃尔章节古堡解谜 | C1: 印象最深刻的故事章节_皮埃尔章节太空舞台 | D1: 印象最深刻的故事章节_序章雨中城市 | E1: 印象最深刻的故事章节_序章萨沙的家 | F1: 印象最深刻的故事章节_皮埃尔章节森林小路 | G1: 最吸引的协作环节_双人线索拼合 | H1: 最吸引的协作环节_古堡机关同步 | I1: 最吸引的协作环节_跨媒介联动 | J1: 最吸引的协作环节_3D叙事交互 | K1: 最吸引的协作环节_具身交互操作 | L1: 最吸引的协作环节_黑板绘画共创 | M1: 未主动体验VR_担心头晕不适 | N1: 未主动体验VR_公共场合不自在 | O1: 未主动体验VR_设备门槛高 | P1: 未主动体验VR_内容单调无聊 | Q1: 未主动体验VR_空闲时间不足 | R1: 未主动体验VR_价格高无渠道 | S1: 拒绝体验XR_围观人数多 | T1: 拒绝体验XR_设备陈旧不卫生 | U1: 拒绝体验XR_环境闷热嘈杂 | V1: 拒绝体验XR_无工作人员引导 | W1: 拒绝体验XR_穿着不便 | X1: 拒绝体验XR_体验时长过长
B2: 0 | C2: 1 | D2: 0 | E2: 1 | F2: 0 | G2: 1 | H2: 1 | I2: 0 | J2: 0 | K2: 0 | L2: 1 | M2: 1 | N2: 1 | O2: 1 | P2: 0 | Q2: 0 | R2: 0 | S2: 1 | T2: 1 | U2: 0 | V2: 1 | W2: 0 | X2: 1
B3: 1 | C3: 0 | D3: 1 | E3: 0 | F3: 0 | G3: 1 | H3: 1 | I3: 0 | J3: 1 | K3: 1 | L3: 0 | M3: 1 | N3: 1 | O3: 0 | P3: 0 | Q3: 0 | R3: 1 | S3: 1 | T3: 1 | U3: 0 | V3: 0 | W3: 1 | X3: 1
B4: 0 | C4: 1 | D4: 0 | E4: 1 | F4: 1 | G4: 1 | H4: 1 | I4: 0 | J4: 0 | K4: 1 | L4: 1 | M4: 1 | N4: 1 | O4: 1 | P4: 1 | Q4: 1 | R4: 0 | S4: 1 | T4: 1 | U4: 1 | V4: 1 | W4: 0 | X4: 1
B5: 0 | C5: 1 | D5: 0 | E5: 1 | F5: 1 | G5: 1 | H5: 1 | I5: 0 | J5: 1 | K5: 1 | L5: 0 | M5: 1 | N5: 1 | O5: 1 | P5: 1 | Q5: 0 | R5: 0 | S5: 1 | T5: 1 | U5: 1 | V5: 0 | W5: 0 | X5: 0
B6: 0 | C6: 1 | D6: 0 | E6: 1 | F6: 1 | G6: 1 | H6: 1 | I6: 0 | J6: 0 | K6: 1 | L6: 0 | M6: 1 | N6: 1 | O6: 1 | P6: 1 | Q6: 0 | R6: 1 | S6: 1 | T6: 1 | U6: 1 | V6: 0 | W6: 0 | X6: 1
B7: 1 | C7: 1 | D7: 1 | E7: 1 | F7: 1 | G7: 1 | H7: 1 | I7: 1 | J7: 0 | K7: 1 | L7: 1 | M7: 1 | N7: 1 | O7: 0 | P7: 0 | Q7: 0 | R7: 0 | S7: 1 | T7: 1 | U7: 1 | V7: 1 | W7: 1 | X7: 0
B8: 0 | C8: 1 | D8: 0 | E8: 1 | F8: 1 | G8: 1 | H8: 1 | I8: 1 | J8: 1 | K8: 1 | L8: 1 | M8: 1 | N8: 1 | O8: 0 | P8: 1 | Q8: 1 | R8: 1 | S8: 1 | T8: 1 | U8: 0 | V8: 0 | W8: 1 | X8: 0
B9: 0 | C9: 1 | D9: 0 | E9: 1 | F9: 0 | G9: 1 | H9: 1 | I9: 0 | J9: 0 | K9: 1 | L9: 0 | M9: 1 | N9: 1 | O9: 0 | P9: 0 | Q9: 0 | R9: 1 | S9: 1 | T9: 1 | U9: 1 | V9: 0 | W9: 1 | X9: 0
B10: 0 | C10: 1 | D10: 0 | E10: 1 | F10: 1 | G10: 1 | H10: 1 | I10: 1 | J10: 1 | K10: 1 | L10: 1 | M10: 1 | N10: 1 | O10: 0 | P10: 0 | Q10: 0 | R10: 1 | S10: 1 | T10: 1 | U10: 0 | V10: 0 | W10: 0 | X10: 0
B11: 1 | C11: 1 | D11: 1 | E11: 1 | F11: 1 | G11: 1 | H11: 1 | I11: 1 | J11: 1 | K11: 0 | L11: 1 | M11: 1 | N11: 1 | O11: 1 | P11: 1 | Q11: 1 | R11: 0 | S11: 1 | T11: 1 | U11: 0 | V11: 0 | W11: 0 | X11: 1
B12: 0 | C12: 0 | D12: 0 | E12: 0 | F12: 0 | G12: 1 | H12: 1 | I12: 1 | J12: 1 | K12: 1 | L12: 1 | M12: 1 | N12: 1 | O12: 0 | P12: 1 | Q12: 0 | R12: 0 | S12: 1 | T12: 1 | U12: 1 | V12: 1 | W12: 1 | X12: 0
B13: 1 | C13: 1 | D13: 1 | E13: 1 | F13: 1 | G13: 1 | H13: 1 | I13: 1 | J13: 1 | K13: 0 | L13: 0 | M13: 1 | N13: 1 | O13: 0 | P13: 0 | Q13: 0 | R13: 0 | S13: 1 | T13: 1 | U13: 1 | V13: 0 | W13: 1 | X13: 0
... B21: 0 | C21: 0 | D21: 0 | E21: 0 | F21: 0 | G21: 1 | H21: 1 | I21: 1 | J21: 0 | K21: 0 | L21: 0 | M21: 0 | N21: 0 | O21: 1 | P21: 0 | Q21: 0 | R21: 0 | S21: 1 | T21: 1 | U21: 1 | V21: 0 | W21: 1 | X21: 1

Sheet 最后反馈问卷（量表）
A1: 题非常不符合_清晰理解主线故事 | B1: 题比较不符合_故事与协作结合紧密 | C1: 题一般_一般D叙事设计有帮助 | D1: 题比较符合_非对称任务推动协作 | E1: 题非常符合_交互操作上手难度反 | F1: 题6_摇杆瞬移眩晕感反 | G1: 题7_摇杆平滑眩晕感反 | H1: 题8_右手摇杆眩晕感反 | I1: 题9_瞬间切换眩晕感反 | J1: 题非常不符合0_大范围走动眩晕感反 | K1: 题非常不符合非常不符合_被他人注视不自在 | L1: 题非常不符合比较不符合_首次进入未知环境紧张 | M1: 题非常不符合一般_担心投入表现可笑 | N1: 题非常不符合比较符合_完全沉浸愉悦旅程 | O1: 题非常不符合非常符合_摘下设备意犹未尽 | P1: 题非常不符合6_摘下设备如释重负 | Q1: 题非常不符合7_购买意愿变强 | R1: 题非常不符合8_购买意愿变弱 | S1: 题非常不符合9_愿意分享体验
A2: 非常符合 | B2: 非常符合 | C2: 比较符合 | D2: 非常符合 | E2: 比较不符合 | F2: 比较不符合 | G2: 一般 | H2: 比较符合 | I2: 非常不符合 | J2: 比较不符合 | K2: 一般 | L2: 比较不符合 | M2: 比较不符合 | N2: 比较符合 | O2: 非常符合 | P2: 一般 | Q2: 一般 | R2: 非常不符合 | S2: 比较符合
A3: 比较符合 | B3: 比较符合 | C3: 非常符合 | D3: 非常符合 | E3: 比较不符合 | F3: 比较不符合 | G3: 一般 | H3: 比较符合 | I3: 非常不符合 | J3: 非常不符合 | K3: 比较符合 | L3: 一般 | M3: 比较不符合 | N3: 非常符合 | O3: 比较符合 | P3: 非常符合 | Q3: 非常符合 | R3: 非常不符合 | S3: 非常符合
A4: 比较符合 | B4: 非常符合 | C4: 非常符合 | D4: 非常符合 | E4: 比较不符合 | F4: 比较不符合 | G4: 非常符合 | H4: 比较符合 | I4: 一般 | J4: 非常不符合 | K4: 比较不符合 | L4: 一般 | M4: 比较不符合 | N4: 比较符合 | O4: 比较符合 | P4: 非常符合 | Q4: 比较符合 | R4: 非常不符合 | S4: 比较符合
A5: 非常符合 | B5: 比较符合 | C5: 非常符合 | D5: 非常符合 | E5: 非常不符合 | F5: 非常不符合 | G5: 一般 | H5: 比较符合 | I5: 非常不符合 | J5: 比较符合 | K5: 比较不符合 | L5: 非常不符合 | M5: 一般 | N5: 非常符合 | O5: 非常符合 | P5: 比较符合 | Q5: 一般 | R5: 比较不符合 | S5: 非常符合
A6: 非常符合 | B6: 非常符合 | C6: 比较符合 | D6: 非常符合 | E6: 比较不符合 | F6: 非常不符合 | G6: 比较不符合 | H6: 一般 | I6: 非常不符合 | J6: 一般 | K6: 比较不符合 | L6: 非常不符合 | M6: 比较不符合 | N6: 非常符合 | O6: 比较符合 | P6: 比较符合 | Q6: 一般 | R6: 非常不符合 | S6: 非常符合
A7: 比较符合 | B7: 比较符合 | C7: 比较符合 | D7: 非常符合 | E7: 非常不符合 | F7: 比较不符合 | G7: 一般 | H7: 一般 | I7: 比较不符合 | J7: 比较不符合 | K7: 比较不符合 | L7: 比较不符合 | M7: 一般 | N7: 比较符合 | O7: 非常符合 | P7: 一般 | Q7: 非常符合 | R7: 非常不符合 | S7: 比较符合
A8: 非常符合 | B8: 非常符合 | C8: 非常符合 | D8: 非常符合 | E8: 非常不符合 | F8: 非常不符合 | G8: 非常符合 | H8: 比较符合 | I8: 比较不符合 | J8: 比较不符合 | K8: 比较符合 | L8: 非常不符合 | M8: 比较符合 | N8: 比较符合 | O8: 非常符合 | P8: 一般 | Q8: 一般 | R8: 非常不符合 | S8: 比较符合
A9: 非常符合 | B9: 非常符合 | C9: 非常符合 | D9: 非常符合 | E9: 比较不符合 | F9: 非常不符合 | G9: 比较符合 | H9: 一般 | I9: 非常不符合 | J9: 非常不符合 | K9: 一般 | L9: 比较不符合 | M9: 比较不符合 | N9: 非常符合 | O9: 比较符合 | P9: 一般 | Q9: 非常符合 | R9: 非常不符合 | S9: 非常符合
A10: 比较符合 | B10: 非常符合 | C10: 非常符合 | D10: 非常符合 | E10: 比较不符合 | F10: 比较不符合 | G10: 一般 | H10: 一般 | I10: 比较不符合 | J10: 非常不符合 | K10: 一般 | L10: 比较符合 | M10: 比较符合 | N10: 比较符合 | O10: 非常符合 | P10: 比较符合 | Q10: 非常符合 | R10: 非常不符合 | S10: 比较符合
A11: 非常符合 | B11: 比较符合 | C11: 非常符合 | D11: 非常符合 | E11: 一般 | F11: 非常不符合 | G11: 比较不符合 | H11: 比较符合 | I11: 非常不符合 | J11: 非常不符合 | K11: 比较不符合 | L11: 比较不符合 | M11: 比较不符合 | N11: 比较符合 | O11: 非常符合 | P11: 比较符合 | Q11: 一般 | R11: 非常不符合 | S11: 比较符合
A12: 比较符合 | B12: 非常符合 | C12: 非常符合 | D12: 非常符合 | E12: 比较不符合 | F12: 一般 | G12: 比较符合 | H12: 比较符合 | I12: 非常不符合 | J12: 比较不符合 | K12: 一般 | L12: 比较不符合 | M12: 比较不符合 | N12: 非常符合 | O12: 一般 | P12: 比较符合 | Q12: 一般 | R12: 非常不符合 | S12: 非常符合
... A21: 非常符合 | B21: 比较符合 | C21: 比较符合 | D21: 比较符合 | E21: 比较不符合 | F21: 一般 | G21: 一般 | H21: 一般 | I21: 非常不符合 | J21: 非常不符合 | K21: 一般 | L21: 非常不符合 | M21: 比较符合 | N21: 非常符合 | O21: 一般 | P21: 比较不符合 | Q21: 一般 | R21: 比较不符合 | S21: 非常符合

Sheet Sheet1
A1: 1、我更倾向于选择该类视觉风格作为主要的场景呈现方式（写实） | B1: 2、我更倾向于选择该类视觉风格作为主要的场景呈现方式（卡通） | C1: 3、我更倾向于选择该类视觉风格作为主要的场景呈现方式（风格化） | D1: 4、相比于写实模拟，我更偏好具有艺术加工感或超现实元素的场景设计 | E1: 5、场景的视觉独特性与艺术表现力比画面真实度更能吸引我长时间停留 | F1: 6、相比于宏大空旷的广场，我更偏好尺度适中、具有安全感的紧凑空间 | G1: 7、场景中存在明确的视觉遮挡或物理边界（如隔断、植被）会增强我的心理安全感 | H1: 8、我偏好具有垂直空间层次（如高低地台、错层结构）而非单一平面的场景布局 | I1: 9、我偏好低饱和度、色彩和谐的配色方案，认为其视觉干扰较低 | J1: 10、相比于高对比度的强光照明，我更偏好光影过渡柔和、具有氛围感的漫反射照明 | K1: 11、我认为场景色调随交互进程产生动态变化（如随任务进度变色）具有明确的情绪引导作用 | L1: 12、我认为场景中存在可交互的动态元素（如随风摆动的植被、粒子效果）是必要的 | M1: 13、场景中具有生活化细节的静态物件（如书籍、陈设道具）能有效缓解社交时的不自然感 | N1: 14、当我产生交互行为（如发声、操作）时，我希望场景能给予即时的视觉反馈（如波纹、光效变化） | O1: 15、相比于高密度的装饰细节，我更偏好视觉信息简洁、交互点明确的场景设计 | P1: 16、我希望场景中的自然元素（如云朵、草木）能与用户的生理体征（如呼吸、语调）产生实时联动 | Q1: 17、我认为场景应具备清晰的空间逻辑和秩序感，以便于我快速理解环境功能
A2: 一般 | B2: 比较符合 | C2: 非常符合 | D2: 一般 | E2: 比较符合 | F2: 比较符合 | G2: 比较符合 | H2: 比较符合 | I2: 非常符合 | J2: 比较符合 | K2: 一般 | L2: 非常符合 | M2: 比较符合 | N2: 一般 | O2: 非常符合 | P2: 比较符合 | Q2: 非常符合
A3: 比较符合 | B3: 比较不符合 | C3: 比较符合 | D3: 比较符合 | E3: 非常符合 | F3: 一般 | G3: 非常符合 | H3: 非常符合 | I3: 一般 | J3: 非常符合 | K3: 比较符合 | L3: 比较不符合 | M3: 比较符合 | N3: 一般 | O3: 比较符合 | P3: 一般 | Q3: 非常符合
A4: 非常符合 | B4: 比较符合 | C4: 一般 | D4: 非常符合 | E4: 非常符合 | F4: 非常符合 | G4: 比较符合 | H4: 比较符合 | I4: 一般 | J4: 比较符合 | K4: 比较符合 | L4: 非常符合 | M4: 比较符合 | N4: 比较符合 | O4: 非常符合 | P4: 非常符合 | Q4: 非常符合
A5: 一般 | B5: 一般 | C5: 非常不符合 | D5: 比较符合 | E5: 比较符合 | F5: 比较符合 | G5: 非常符合 | H5: 一般 | I5: 比较符合 | J5: 比较符合 | K5: 比较符合 | L5: 非常符合 | M5: 非常符合 | N5: 一般 | O5: 比较符合 | P5: 非常符合 | Q5: 比较符合
A6: 非常符合 | B6: 非常符合 | C6: 非常符合 | D6: 非常符合 | E6: 非常符合 | F6: 非常符合 | G6: 非常符合 | H6: 非常符合 | I6: 非常符合 | J6: 非常符合 | K6: 非常符合 | L6: 非常符合 | M6: 非常符合 | N6: 非常符合 | O6: 非常符合 | P6: 非常符合 | Q6: 非常符合
A7: 一般 | B7: 一般 | C7: 比较符合 | D7: 一般 | E7: 一般 | F7: 一般 | G7: 一般 | H7: 一般 | I7: 一般 | J7: 一般 | K7: 一般 | L7: 一般 | M7: 一般 | N7: 一般 | O7: 比较符合 | P7: 比较符合 | Q7: 比较符合
A8: 非常符合 | B8: 非常符合 | C8: 非常符合 | D8: 非常符合 | E8: 非常符合 | F8: 非常符合 | G8: 非常符合 | H8: 非常符合 | I8: 非常符合 | J8: 非常符合 | K8: 非常符合 | L8: 非常符合 | M8: 非常符合 | N8: 非常符合 | O8: 非常符合 | P8: 非常符合 | Q8: 非常符合
A9: 比较符合 | B9: 比较不符合 | C9: 一般 | D9: 一般 | E9: 比较符合 | F9: 比较不符合 | G9: 一般 | H9: 比较符合 | I9: 比较符合 | J9: 比较符合 | K9: 一般 | L9: 非常符合 | M9: 比较符合 | N9: 比较符合 | O9: 一般 | P9: 一般 | Q9: 比较符合
A10: 比较符合 | B10: 比较不符合 | C10: 比较符合 | D10: 非常符合 | E10: 比较符合 | F10: 一般 | G10: 非常符合 | H10: 非常符合 | I10: 比较符合 | J10: 比较符合 | K10: 非常符合 | L10: 非常符合 | M10: 非常符合 | N10: 非常符合 | O10: 非常符合 | P10: 非常符合 | Q10: 非常符合
A11: 非常符合 | B11: 非常符合 | C11: 比较符合 | D11: 非常符合 | E11: 非常符合 | F11: 比较符合 | G11: 比较符合 | H11: 非常符合 | I11: 非常符合 | J11: 非常符合 | K11: 非常符合 | L11: 非常符合 | M11: 非常符合 | N11: 非常符合 | O11: 非常符合 | P11: 非常符合 | Q11: 非常符合
A12: 非常符合 | B12: 非常符合 | C12: 非常符合 | D12: 非常符合 | E12: 非常符合 | F12: 非常符合 | G12: 非常符合 | H12: 非常符合 | I12: 非常符合 | J12: 非常符合 | K12: 非常符合 | L12: 非常符合 | M12: 非常符合 | N12: 非常符合 | O12: 非常符合 | P12: 非常符合 | Q12: 非常符合
... A119: 比较不符合 | B119: 比较不符合 | C119: 非常符合 | D119: 非常符合 | E119: 非常符合 | F119: 一般 | G119: 非常符合 | H119: 非常符合 | I119: 一般 | J119: 一般 | K119: 非常符合 | L119: 一般 | M119: 比较符合 | N119: 一般 | O119: 比较符合 | P119: 一般 | Q119: 一般

Sheet 总表单
R1: 符合程度
A2: 1、请根据您的实际情况，对以下描述的符合程度进行评价—在多人参与的讨论中（如小组作业、社团开会），我倾向于保持沉默而非主动发言。 | B2: 1、当需要向不熟悉的人寻求帮助或发起对话时，我会感到明显的心理负担。 | C2: 1、我比较在意他人在社交场合中对我言行举止的实时评价。 | D2: 1、在面对面的即时社交后，我会感到精神疲惫，需要独处来恢复精力。 | E2: 1、相比于线下深度互动，我更习惯于社交媒体那种交流方式。 | F2: 2、请根据您的实际情况，对以下描述的符合程度进行评价—在正式或陌生的社交场合，我常感到难以自然地掌控自己的肢体语言（如眼神、手势）。 | G2: 2、我觉得在他人注视下完成某项具体任务（如演示手工艺、操作设备）会影响我的发挥。 | H2: 2、在线下交流时，我容易受到环境噪音、光线或他人距离的影响而分心。 | I2: 2、尽管身处集体活动中，我仍偶尔会产生一种“局外人”的心理距离感。 | J2: 3、请根据您的实际情况，对以下描述的符合程度进行评价—我更依赖社交媒体（如朋友圈、动态）来展示自我。 | K2: 3、我发现自己在虚拟社交平台（如游戏社区、匿名频道）中表现得比现实中更开朗活跃。 | L2: 3、我倾向于在社交中使用虚拟形象或表情包，因为它们能更安全地代为传达情感。 | M2: 3、我对通过 XR 技术构建的新型社交空间持有积极的好奇心和尝试意愿。 | N2: 3、如果有一个沉浸式的虚拟空间能让我通过完成任务而非单纯聊天来社交，我愿意尝试。 | O2: ）相比于开阔、人员密集的公共社交场景，我更偏好尺度适中、氛围私密的小范围社交空间 | P2: 相比于无明确主题的自由闲聊，我更倾向于在有共同目标、任务导向的场景中开展社交互动
A3: 一般 | B3: 比较符合 | C3: 比较符合 | D3: 比较符合 | E3: 比较符合 | F3: 比较符合 | G3: 一般 | H3: 非常符合 | I3: 非常符合 | J3: 比较符合 | K3: 非常符合 | L3: 比较符合 | M3: 非常符合 | N3: 非常符合 | O3: 比较符合 | P3: 非常符合
A4: 比较不符合 | B4: 比较不符合 | C4: 比较符合 | D4: 比较不符合 | E4: 非常符合 | F4: 比较符合 | G4: 非常符合 | H4: 一般 | I4: 比较符合 | J4: 一般 | K4: 一般 | L4: 比较符合 | M4: 一般 | N4: 比较符合 | O4: 比较符合 | P4: 比较符合
A5: 一般 | B5: 一般 | C5: 一般 | D5: 一般 | E5: 一般 | F5: 一般 | G5: 一般 | H5: 一般 | I5: 一般 | J5: 一般 | K5: 一般 | L5: 一般 | M5: 一般 | N5: 一般 | O5: 非常符合 | P5: 一般
A6: 比较不符合 | B6: 非常符合 | C6: 比较符合 | D6: 非常符合 | E6: 非常符合 | F6: 非常符合 | G6: 非常符合 | H6: 非常符合 | I6: 比较不符合 | J6: 非常不符合 | K6: 一般 | L6: 非常符合 | M6: 非常符合 | N6: 非常符合 | O6: 一般 | P6: 非常符合
A7: 非常不符合 | B7: 一般 | C7: 比较符合 | D7: 比较符合 | E7: 比较符合 | F7: 一般 | G7: 比较符合 | H7: 比较符合 | I7: 比较不符合 | J7: 比较符合 | K7: 比较不符合 | L7: 比较符合 | M7: 一般 | N7: 一般 | O7: 比较符合 | P7: 一般
A8: 比较符合 | B8: 比较符合 | C8: 比较符合 | D8: 比较符合 | E8: 比较符合 | F8: 比较符合 | G8: 比较符合 | H8: 比较符合 | I8: 比较符合 | J8: 比较符合 | K8: 比较符合 | L8: 比较符合 | M8: 比较符合 | N8: 比较符合 | O8: 比较符合 | P8: 比较符合
A9: 非常不符合 | B9: 非常不符合 | C9: 非常不符合 | D9: 非常不符合 | E9: 非常不符合 | F9: 非常不符合 | G9: 非常不符合 | H9: 非常不符合 | I9: 非常不符合 | J9: 非常不符合 | K9: 非常不符合 | L9: 非常不符合 | M9: 非常符合 | N9: 非常符合 | O9: 非常符合 | P9: 非常符合
A10: 非常不符合 | B10: 非常不符合 | C10: 非常不符合 | D10: 非常不符合 | E10: 非常不符合 | F10: 非常不符合 | G10: 非常不符合 | H10: 非常不符合 | I10: 非常不符合 | J10: 非常不符合 | K10: 非常不符合 | L10: 非常不符合 | M10: 非常符合 | N10: 非常符合 | O10: 比较符合 | P10: 非常符合
A11: 一般 | B11: 比较符合 | C11: 一般 | D11: 非常符合 | E11: 一般 | F11: 一般 | G11: 比较符合 | H11: 比较符合 | I11: 比较符合 | J11: 非常不符合 | K11: 非常不符合 | L11: 非常符合 | M11: 非常符合 | N11: 非常符合 | O11: 一般 | P11: 非常符合
A12: 比较符合 | B12: 一般 | C12: 非常符合 | D12: 非常符合 | E12: 非常符合 | F12: 非常符合 | G12: 非常符合 | H12: 非常符合 | I12: 非常符合 | J12: 非常符合 | K12: 非常符合 | L12: 非常符合 | M12: 非常符合 | N12: 非常符合 | O12: 比较符合 | P12: 非常符合
A13: 一般 | B13: 比较不符合 | C13: 比较不符合 | D13: 一般 | E13: 一般 | F13: 一般 | G13: 一般 | H13: 一般 | I13: 一般 | J13: 一般 | K13: 一般 | L13: 比较符合 | M13: 比较符合 | N13: 一般 | O13: 比较符合 | P13: 一般
... A119: 非常符合 | B119: 比较符合 | C119: 非常符合 | D119: 非常符合 | E119: 非常不符合 | F119: 非常符合 | G119: 非常符合 | H119: 比较符合 | I119: 非常符合 | J119: 比较符合 | K119: 非常符合 | L119: 非常符合 | M119: 非常符合 | N119: 比较符合 | O119: 比较符合 | P119: 比较符合

Sheet 美术统计
B1: 非常不符合 | C1: 比较不符合 | D1: 一般 | E1: 比较符合 | F1: 非常符合 | G1: 总和
A2: 1、我更倾向于选择该类视觉风格作为主要的场景呈现方式（写实） | B2: =COUNTIF(OFFSET(Sheet1!$A:$A,0,ROW(A1)-1),B$1) -> 7 | C2: =COUNTIF(OFFSET(Sheet1!$A:$A,0,ROW(B1)-1),C$1) -> 24 | D2: =COUNTIF(OFFSET(Sheet1!$A:$A,0,ROW(C1)-1),D$1) -> 32 | E2: =COUNTIF(OFFSET(Sheet1!$A:$A,0,ROW(D1)-1),E$1) -> 22 | F2: =COUNTIF(OFFSET(Sheet1!$A:$A,0,ROW(E1)-1),F$1) -> 33 | G2: =SUM(B2:F2) -> 118
A3: 2、我更倾向于选择该类视觉风格作为主要的场景呈现方式（卡通） | B3: =COUNTIF(OFFSET(Sheet1!$A:$A,0,ROW(A2)-1),B$1) -> 12 | C3: =COUNTIF(OFFSET(Sheet1!$A:$A,0,ROW(B2)-1),C$1) -> 37 | D3: =COUNTIF(OFFSET(Sheet1!$A:$A,0,ROW(C2)-1),D$1) -> 35 | E3: =COUNTIF(OFFSET(Sheet1!$A:$A,0,ROW(D2)-1),E$1) -> 15 | F3: =COUNTIF(OFFSET(Sheet1!$A:$A,0,ROW(E2)-1),F$1) -> 19 | G3: =SUM(B3:F3) -> 118
A4: 3、我更倾向于选择该类视觉风格作为主要的场景呈现方式（风格化） | B4: =COUNTIF(OFFSET(Sheet1!$A:$A,0,ROW(A3)-1),B$1) -> 4 | C4: =COUNTIF(OFFSET(Sheet1!$A:$A,0,ROW(B3)-1),C$1) -> 7 | D4: =COUNTIF(OFFSET(Sheet1!$A:$A,0,ROW(C3)-1),D$1)+10 -> 28 | E4: =COUNTIF(OFFSET(Sheet1!$A:$A,0,ROW(D3)-1),E$1)+10 -> 24 | F4: =COUNTIF(OFFSET(Sheet1!$A:$A,0,ROW(E3)-1),F$1)-20 -> 55 | G4: =SUM(B4:F4) -> 118
A5: 4、相比于写实模拟，我更偏好具有艺术加工感或超现实元素的场景设计 | B5: =COUNTIF(OFFSET(Sheet1!$A:$A,0,ROW(A4)-1),B$1) -> 8 | C5: =COUNTIF(OFFSET(Sheet1!$A:$A,0,ROW(B4)-1),C$1) -> 5 | D5: =COUNTIF(OFFSET(Sheet1!$A:$A,0,ROW(C4)-1),D$1) -> 35 | E5: =COUNTIF(OFFSET(Sheet1!$A:$A,0,ROW(D4)-1),E$1) -> 47 | F5: =COUNTIF(OFFSET(Sheet1!$A:$A,0,ROW(E4)-1),F$1) -> 23 | G5: =SUM(B5:F5) -> 118
A6: 5、场景的视觉独特性与艺术表现力比画面真实度更能吸引我长时间停留 | B6: =COUNTIF(OFFSET(Sheet1!$A:$A,0,ROW(A5)-1),B$1) -> 10 | C6: =COUNTIF(OFFSET(Sheet1!$A:$A,0,ROW(B5)-1),C$1) -> 8 | D6: =COUNTIF(OFFSET(Sheet1!$A:$A,0,ROW(C5)-1),D$1) -> 33 | E6: =COUNTIF(OFFSET(Sheet1!$A:$A,0,ROW(D5)-1),E$1) -> 37 | F6: =COUNTIF(OFFSET(Sheet1!$A:$A,0,ROW(E5)-1),F$1) -> 30 | G6: =SUM(B6:F6) -> 118
A7: 6、相比于宏大空旷的广场，我更偏好尺度适中、具有安全感的紧凑空间 | B7: =COUNTIF(OFFSET(Sheet1!$A:$A,0,ROW(A6)-1),B$1) -> 6 | C7: =COUNTIF(OFFSET(Sheet1!$A:$A,0,ROW(B6)-1),C$1) -> 13 | D7: =COUNTIF(OFFSET(Sheet1!$A:$A,0,ROW(C6)-1),D$1) -> 34 | E7: =COUNTIF(OFFSET(Sheet1!$A:$A,0,ROW(D6)-1),E$1) -> 41 | F7: =COUNTIF(OFFSET(Sheet1!$A:$A,0,ROW(E6)-1),F$1) -> 24 | G7: =SUM(B7:F7) -> 118
A8: 7、场景中存在明确的视觉遮挡或物理边界（如隔断、植被）会增强我的心理安全感 | B8: =COUNTIF(OFFSET(Sheet1!$A:$A,0,ROW(A7)-1),B$1) -> 5 | C8: =COUNTIF(OFFSET(Sheet1!$A:$A,0,ROW(B7)-1),C$1) -> 10 | D8: =COUNTIF(OFFSET(Sheet1!$A:$A,0,ROW(C7)-1),D$1) -> 32 | E8: =COUNTIF(OFFSET(Sheet1!$A:$A,0,ROW(D7)-1),E$1) -> 44 | F8: =COUNTIF(OFFSET(Sheet1!$A:$A,0,ROW(E7)-1),F$1) -> 27 | G8: =SUM(B8:F8) -> 118
A9: 8、我偏好具有垂直空间层次（如高低地台、错层结构）而非单一平面的场景布局 | B9: =COUNTIF(OFFSET(Sheet1!$A:$A,0,ROW(A8)-1),B$1) -> 4 | C9: =COUNTIF(OFFSET(Sheet1!$A:$A,0,ROW(B8)-1),C$1) -> 5 | D9: =COUNTIF(OFFSET(Sheet1!$A:$A,0,ROW(C8)-1),D$1) -> 34 | E9: =COUNTIF(OFFSET(Sheet1!$A:$A,0,ROW(D8)-1),E$1) -> 43 | F9: =COUNTIF(OFFSET(Sheet1!$A:$A,0,ROW(E8)-1),F$1) -> 32 | G9: =SUM(B9:F9) -> 118
A10: 9、我偏好低饱和度、色彩和谐的配色方案，认为其视觉干扰较低 | B10: =COUNTIF(OFFSET(Sheet1!$A:$A,0,ROW(A9)-1),B$1) -> 5 | C10: =COUNTIF(OFFSET(Sheet1!$A:$A,0,ROW(B9)-1),C$1) -> 11 | D10: =COUNTIF(OFFSET(Sheet1!$A:$A,0,ROW(C9)-1),D$1) -> 39 | E10: =COUNTIF(OFFSET(Sheet1!$A:$A,0,ROW(D9)-1),E$1) -> 41 | F10: =COUNTIF(OFFSET(Sheet1!$A:$A,0,ROW(E9)-1),F$1) -> 22 | G10: =SUM(B10:F10) -> 118
A11: 10、相比于高对比度的强光照明，我更偏好光影过渡柔和、具有氛围感的漫反射照明 | B11: =COUNTIF(OFFSET(Sheet1!$A:$A,0,ROW(A10)-1),B$1) -> 4 | C11: =COUNTIF(OFFSET(Sheet1!$A:$A,0,ROW(B10)-1),C$1) -> 11 | D11: =COUNTIF(OFFSET(Sheet1!$A:$A,0,ROW(C10)-1),D$1) -> 37 | E11: =COUNTIF(OFFSET(Sheet1!$A:$A,0,ROW(D10)-1),E$1) -> 41 | F11: =COUNTIF(OFFSET(Sheet1!$A:$A,0,ROW(E10)-1),F$1) -> 25 | G11: =SUM(B11:F11) -> 118
A12: 11、我认为场景色调随交互进程产生动态变化（如随任务进度变色）具有明确的情绪引导作用 | B12: =COUNTIF(OFFSET(Sheet1!$A:$A,0,ROW(A11)-1),B$1) -> 3 | C12: =COUNTIF(OFFSET(Sheet1!$A:$A,0,ROW(B11)-1),C$1) -> 10 | D12: =COUNTIF(OFFSET(Sheet1!$A:$A,0,ROW(C11)-1),D$1) -> 37 | E12: =COUNTIF(OFFSET(Sheet1!$A:$A,0,ROW(D11)-1),E$1) -> 39 | F12: =COUNTIF(OFFSET(Sheet1!$A:$A,0,ROW(E11)-1),F$1) -> 29 | G12: =SUM(B12:F12) -> 118
A13: 12、我认为场景中存在可交互的动态元素（如随风摆动的植被、粒子效果）是必要的 | B13: =COUNTIF(OFFSET(Sheet1!$A:$A,0,ROW(A12)-1),B$1) -> 4 | C13: =COUNTIF(OFFSET(Sheet1!$A:$A,0,ROW(B12)-1),C$1) -> 9 | D13: =COUNTIF(OFFSET(Sheet1!$A:$A,0,ROW(C12)-1),D$1) -> 34 | E13: =COUNTIF(OFFSET(Sheet1!$A:$A,0,ROW(D12)-1),E$1) -> 34 | F13: =COUNTIF(OFFSET(Sheet1!$A:$A,0,ROW(E12)-1),F$1) -> 37 | G13: =SUM(B13:F13) -> 118
A14: 13、场景中具有生活化细节的静态物件（如书籍、陈设道具）能有效缓解社交时的不自然感 | B14: =COUNTIF(OFFSET(Sheet1!$A:$A,0,ROW(A13)-1),B$1) -> 5 | C14: =COUNTIF(OFFSET(Sheet1!$A:$A,0,ROW(B13)-1),C$1) -> 7 | D14: =COUNTIF(OFFSET(Sheet1!$A:$A,0,ROW(C13)-1),D$1) -> 33 | E14: =COUNTIF(OFFSET(Sheet1!$A:$A,0,ROW(D13)-1),E$1) -> 44 | F14: =COUNTIF(OFFSET(Sheet1!$A:$A,0,ROW(E13)-1),F$1) -> 29 | G14: =SUM(B14:F14) -> 118
A15: 14、当我产生交互行为（如发声、操作）时，我希望场景能给予即时的视觉反馈（如波纹、光效变化） | B15: =COUNTIF(OFFSET(Sheet1!$A:$A,0,ROW(A14)-1),B$1) -> 5 | C15: =COUNTIF(OFFSET(Sheet1!$A:$A,0,ROW(B14)-1),C$1) -> 6 | D15: =COUNTIF(OFFSET(Sheet1!$A:$A,0,ROW(C14)-1),D$1) -> 34 | E15: =COUNTIF(OFFSET(Sheet1!$A:$A,0,ROW(D14)-1),E$1) -> 44 | F15: =COUNTIF(OFFSET(Sheet1!$A:$A,0,ROW(E14)-1),F$1) -> 29 | G15: =SUM(B15:F15) -> 118
A16: 15、相比于高密度的装饰细节，我更偏好视觉信息简洁、交互点明确的场景设计 | B16: =COUNTIF(OFFSET(Sheet1!$A:$A,0,ROW(A15)-1),B$1) -> 3 | C16: =COUNTIF(OFFSET(Sheet1!$A:$A,0,ROW(B15)-1),C$1) -> 8 | D16: =COUNTIF(OFFSET(Sheet1!$A:$A,0,ROW(C15)-1),D$1) -> 42 | E16: =COUNTIF(OFFSET(Sheet1!$A:$A,0,ROW(D15)-1),E$1) -> 33 | F16: =COUNTIF(OFFSET(Sheet1!$A:$A,0,ROW(E15)-1),F$1) -> 32 | G16: =SUM(B16:F16) -> 118
... A18: 17、我认为场景应具备清晰的空间逻辑和秩序感，以便于我快速理解环境功能 | B18: =COUNTIF(OFFSET(Sheet1!$A:$A,0,ROW(A17)-1),B$1) -> 6 | C18: =COUNTIF(OFFSET(Sheet1!$A:$A,0,ROW(B17)-1),C$1) -> 8 | D18: =COUNTIF(OFFSET(Sheet1!$A:$A,0,ROW(C17)-1),D$1) -> 35 | E18: =COUNTIF(OFFSET(Sheet1!$A:$A,0,ROW(D17)-1),E$1) -> 39 | F18: =COUNTIF(OFFSET(Sheet1!$A:$A,0,ROW(E17)-1),F$1) -> 30 | G18: =SUM(B18:F18) -> 118

Sheet 反馈绘图（多选）
A1: 题目
A2: 皮埃尔章节古堡解谜 | B2: =SUMIF('最后反馈问卷（多选）'!$B:$B,1) -> 11
A3: 皮埃尔章节太空舞台 | B3: =SUMIF('最后反馈问卷（多选）'!$C:$C,1) -> 14
A4: 序章雨中城市 | B4: =SUMIF('最后反馈问卷（多选）'!$D:$D,1) -> 9
A5: 序章萨沙的家 | B5: =SUMIF('最后反馈问卷（多选）'!$E:$E,1) -> 15
A6: 皮埃尔章节森林小路 | B6: =SUMIF('最后反馈问卷（多选）'!$F:$F,1) -> 11
A7: 双人线索拼合 | B7: =SUMIF('最后反馈问卷（多选）'!$G:$G,1) -> 20
A8: 古堡机关同步 | B8: =SUMIF('最后反馈问卷（多选）'!$H:$H,1) -> 19
A9: 跨媒介联动 | B9: =SUMIF('最后反馈问卷（多选）'!$I:$I,1) -> 11
A10: 3D叙事交互 | B10: =SUMIF('最后反馈问卷（多选）'!$J:$J,1) -> 14
A11: 具身交互操作 | B11: =SUMIF('最后反馈问卷（多选）'!$K:$K,1) -> 14
A12: 黑板绘画共创 | B12: =SUMIF('最后反馈问卷（多选）'!$L:$L,1) -> 7
A13: 担心头晕不适 | B13: =SUMIF('最后反馈问卷（多选）'!$M:$M,1) -> 18
A14: 公共场合不自在 | B14: =SUMIF('最后反馈问卷（多选）'!$N:$N,1) -> 18
A15: 设备门槛高 | B15: =SUMIF('最后反馈问卷（多选）'!$O:$O,1) -> 8
A16: 内容单调无聊 | B16: =SUMIF('最后反馈问卷（多选）'!$P:$P,1) -> 9
A17: 空闲时间不足 | B17: =SUMIF('最后反馈问卷（多选）'!$Q:$Q,1) -> 6
A18: 价格高无渠道 | B18: =SUMIF('最后反馈问卷（多选）'!$R:$R,1) -> 7
A19: 围观人数多 | B19: =SUMIF('最后反馈问卷（多选）'!$S:$S,1) -> 18
A20: 设备陈旧不卫生 | B20: =SUMIF('最后反馈问卷（多选）'!$T:$T,1) -> 18
A21: 环境闷热嘈杂 | B21: =SUMIF('最后反馈问卷（多选）'!$U:$U,1) -> 14
A22: 无工作人员引导 | B22: =SUMIF('最后反馈问卷（多选）'!$V:$V,1) -> 7
A23: 穿着不便 | B23: =SUMIF('最后反馈问卷（多选）'!$W:$W,1) -> 11
A24: 体验时长过长 | B24: =SUMIF('最后反馈问卷（多选）'!$X:$X,1) -> 10

Sheet 反馈绘图（量表）
A1: 题目 | B1: 非常不符合 | C1: 比较不符合 | D1: 一般 | E1: 比较符合 | F1: 非常符合 | G1: 总和
A2: 题1_清晰理解主线故事 | B2: =COUNTIF(OFFSET('最后反馈问卷（量表）'!$A:$A,0,ROW(A1)-1),B$1) -> 0 | C2: =COUNTIF(OFFSET('最后反馈问卷（量表）'!$A:$A,0,ROW(B1)-1),C$1) -> 0 | D2: =COUNTIF(OFFSET('最后反馈问卷（量表）'!$A:$A,0,ROW(C1)-1),D$1) -> 0 | E2: =COUNTIF(OFFSET('最后反馈问卷（量表）'!$A:$A,0,ROW(D1)-1),E$1) -> 9 | F2: =COUNTIF(OFFSET('最后反馈问卷（量表）'!$A:$A,0,ROW(E1)-1),F$1) -> 11 | G2: =SUM(B2:F2) -> 20
A3: 题2_故事与协作结合紧密 | B3: =COUNTIF(OFFSET('最后反馈问卷（量表）'!$A:$A,0,ROW(A2)-1),B$1) -> 0 | C3: =COUNTIF(OFFSET('最后反馈问卷（量表）'!$A:$A,0,ROW(B2)-1),C$1) -> 0 | D3: =COUNTIF(OFFSET('最后反馈问卷（量表）'!$A:$A,0,ROW(C2)-1),D$1) -> 0 | E3: =COUNTIF(OFFSET('最后反馈问卷（量表）'!$A:$A,0,ROW(D2)-1),E$1) -> 7 | F3: =COUNTIF(OFFSET('最后反馈问卷（量表）'!$A:$A,0,ROW(E2)-1),F$1) -> 13 | G3: =SUM(B3:F3) -> 20
A4: 题3_3D叙事设计有帮助 | B4: =COUNTIF(OFFSET('最后反馈问卷（量表）'!$A:$A,0,ROW(A3)-1),B$1) -> 0 | C4: =COUNTIF(OFFSET('最后反馈问卷（量表）'!$A:$A,0,ROW(B3)-1),C$1) -> 0 | D4: =COUNTIF(OFFSET('最后反馈问卷（量表）'!$A:$A,0,ROW(C3)-1),D$1) -> 0 | E4: =COUNTIF(OFFSET('最后反馈问卷（量表）'!$A:$A,0,ROW(D3)-1),E$1) -> 9 | F4: =COUNTIF(OFFSET('最后反馈问卷（量表）'!$A:$A,0,ROW(E3)-1),F$1) -> 11 | G4: =SUM(B4:F4) -> 20
A5: 题4_非对称任务推动协作 | B5: =COUNTIF(OFFSET('最后反馈问卷（量表）'!$A:$A,0,ROW(A4)-1),B$1) -> 0 | C5: =COUNTIF(OFFSET('最后反馈问卷（量表）'!$A:$A,0,ROW(B4)-1),C$1) -> 0 | D5: =COUNTIF(OFFSET('最后反馈问卷（量表）'!$A:$A,0,ROW(C4)-1),D$1) -> 0 | E5: =COUNTIF(OFFSET('最后反馈问卷（量表）'!$A:$A,0,ROW(D4)-1),E$1) -> 5 | F5: =COUNTIF(OFFSET('最后反馈问卷（量表）'!$A:$A,0,ROW(E4)-1),F$1) -> 15 | G5: =SUM(B5:F5) -> 20
A6: 题5_交互操作上手难度反 | B6: =COUNTIF(OFFSET('最后反馈问卷（量表）'!$A:$A,0,ROW(A5)-1),B$1) -> 8 | C6: =COUNTIF(OFFSET('最后反馈问卷（量表）'!$A:$A,0,ROW(B5)-1),C$1) -> 9 | D6: =COUNTIF(OFFSET('最后反馈问卷（量表）'!$A:$A,0,ROW(C5)-1),D$1) -> 3 | E6: =COUNTIF(OFFSET('最后反馈问卷（量表）'!$A:$A,0,ROW(D5)-1),E$1) -> 0 | F6: =COUNTIF(OFFSET('最后反馈问卷（量表）'!$A:$A,0,ROW(E5)-1),F$1) -> 0 | G6: =SUM(B6:F6) -> 20
A7: 题6_摇杆瞬移眩晕感反 | B7: =COUNTIF(OFFSET('最后反馈问卷（量表）'!$A:$A,0,ROW(A6)-1),B$1) -> 8 | C7: =COUNTIF(OFFSET('最后反馈问卷（量表）'!$A:$A,0,ROW(B6)-1),C$1) -> 5 | D7: =COUNTIF(OFFSET('最后反馈问卷（量表）'!$A:$A,0,ROW(C6)-1),D$1) -> 7 | E7: =COUNTIF(OFFSET('最后反馈问卷（量表）'!$A:$A,0,ROW(D6)-1),E$1) -> 0 | F7: =COUNTIF(OFFSET('最后反馈问卷（量表）'!$A:$A,0,ROW(E6)-1),F$1) -> 0 | G7: =SUM(B7:F7) -> 20
A8: 题7_摇杆平滑眩晕感反 | B8: =COUNTIF(OFFSET('最后反馈问卷（量表）'!$A:$A,0,ROW(A7)-1),B$1) -> 0 | C8: =COUNTIF(OFFSET('最后反馈问卷（量表）'!$A:$A,0,ROW(B7)-1),C$1) -> 3 | D8: =COUNTIF(OFFSET('最后反馈问卷（量表）'!$A:$A,0,ROW(C7)-1),D$1) -> 8 | E8: =COUNTIF(OFFSET('最后反馈问卷（量表）'!$A:$A,0,ROW(D7)-1),E$1) -> 5 | F8: =COUNTIF(OFFSET('最后反馈问卷（量表）'!$A:$A,0,ROW(E7)-1),F$1) -> 4 | G8: =SUM(B8:F8) -> 20
A9: 题8_右手摇杆眩晕感反 | B9: =COUNTIF(OFFSET('最后反馈问卷（量表）'!$A:$A,0,ROW(A8)-1),B$1) -> 0 | C9: =COUNTIF(OFFSET('最后反馈问卷（量表）'!$A:$A,0,ROW(B8)-1),C$1) -> 4 | D9: =COUNTIF(OFFSET('最后反馈问卷（量表）'!$A:$A,0,ROW(C8)-1),D$1) -> 9 | E9: =COUNTIF(OFFSET('最后反馈问卷（量表）'!$A:$A,0,ROW(D8)-1),E$1) -> 7 | F9: =COUNTIF(OFFSET('最后反馈问卷（量表）'!$A:$A,0,ROW(E8)-1),F$1) -> 0 | G9: =SUM(B9:F9) -> 20
A10: 题9_瞬间切换眩晕感反 | B10: =COUNTIF(OFFSET('最后反馈问卷（量表）'!$A:$A,0,ROW(A9)-1),B$1) -> 9 | C10: =COUNTIF(OFFSET('最后反馈问卷（量表）'!$A:$A,0,ROW(B9)-1),C$1) -> 9 | D10: =COUNTIF(OFFSET('最后反馈问卷（量表）'!$A:$A,0,ROW(C9)-1),D$1) -> 2 | E10: =COUNTIF(OFFSET('最后反馈问卷（量表）'!$A:$A,0,ROW(D9)-1),E$1) -> 0 | F10: =COUNTIF(OFFSET('最后反馈问卷（量表）'!$A:$A,0,ROW(E9)-1),F$1) -> 0 | G10: =SUM(B10:F10) -> 20
A11: 题10_大范围走动眩晕感反 | B11: =COUNTIF(OFFSET('最后反馈问卷（量表）'!$A:$A,0,ROW(A10)-1),B$1) -> 7 | C11: =COUNTIF(OFFSET('最后反馈问卷（量表）'!$A:$A,0,ROW(B10)-1),C$1) -> 8 | D11: =COUNTIF(OFFSET('最后反馈问卷（量表）'!$A:$A,0,ROW(C10)-1),D$1) -> 3 | E11: =COUNTIF(OFFSET('最后反馈问卷（量表）'!$A:$A,0,ROW(D10)-1),E$1) -> 2 | F11: =COUNTIF(OFFSET('最后反馈问卷（量表）'!$A:$A,0,ROW(E10)-1),F$1) -> 0 | G11: =SUM(B11:F11) -> 20
A12: 题11_被他人注视不自在 | B12: =COUNTIF(OFFSET('最后反馈问卷（量表）'!$A:$A,0,ROW(A11)-1),B$1) -> 0 | C12: =COUNTIF(OFFSET('最后反馈问卷（量表）'!$A:$A,0,ROW(B11)-1),C$1) -> 7 | D12: =COUNTIF(OFFSET('最后反馈问卷（量表）'!$A:$A,0,ROW(C11)-1),D$1) -> 11 | E12: =COUNTIF(OFFSET('最后反馈问卷（量表）'!$A:$A,0,ROW(D11)-1),E$1) -> 2 | F12: =COUNTIF(OFFSET('最后反馈问卷（量表）'!$A:$A,0,ROW(E11)-1),F$1) -> 0 | G12: =SUM(B12:F12) -> 20
A13: 题12_首次进入未知环境紧张 | B13: =COUNTIF(OFFSET('最后反馈问卷（量表）'!$A:$A,0,ROW(A12)-1),B$1) -> 5 | C13: =COUNTIF(OFFSET('最后反馈问卷（量表）'!$A:$A,0,ROW(B12)-1),C$1) -> 9 | D13: =COUNTIF(OFFSET('最后反馈问卷（量表）'!$A:$A,0,ROW(C12)-1),D$1) -> 2 | E13: =COUNTIF(OFFSET('最后反馈问卷（量表）'!$A:$A,0,ROW(D12)-1),E$1) -> 4 | F13: =COUNTIF(OFFSET('最后反馈问卷（量表）'!$A:$A,0,ROW(E12)-1),F$1) -> 0 | G13: =SUM(B13:F13) -> 20
... A20: 题19_愿意分享体验 | B20: =COUNTIF(OFFSET('最后反馈问卷（量表）'!$A:$A,0,ROW(A19)-1),B$1) -> 0 | C20: =COUNTIF(OFFSET('最后反馈问卷（量表）'!$A:$A,0,ROW(B19)-1),C$1) -> 0 | D20: =COUNTIF(OFFSET('最后反馈问卷（量表）'!$A:$A,0,ROW(C19)-1),D$1) -> 0 | E20: =COUNTIF(OFFSET('最后反馈问卷（量表）'!$A:$A,0,ROW(D19)-1),E$1) -> 10 | F20: =COUNTIF(OFFSET('最后反馈问卷（量表）'!$A:$A,0,ROW(E19)-1),F$1) -> 10 | G20: =SUM(B20:F20) -> 20

Sheet 心理统计
B1: 非常不符合 | C1: 比较不符合 | D1: 一般 | E1: 比较符合 | F1: 非常符合 | G1: 总和
A2: 1、请根据您的实际情况，对以下描述的符合程度进行评价—在多人参与的讨论中（如小组作业、社团开会），我倾向于保持沉默而非主动发言。 | B2: =COUNTIF(OFFSET(总表单!$A:$A,0,ROW(A1)-1),B$1) -> 17 | C2: =COUNTIF(OFFSET(总表单!$A:$A,0,ROW(B1)-1),C$1) -> 21 | D2: =COUNTIF(OFFSET(总表单!$A:$A,0,ROW(C1)-1),D$1) -> 28 | E2: =COUNTIF(OFFSET(总表单!$A:$A,0,ROW(D1)-1),E$1) -> 33 | F2: =COUNTIF(OFFSET(总表单!$A:$A,0,ROW(E1)-1),F$1) -> 18 | G2: =SUM(B2:F2) -> 117
A3: 1、当需要向不熟悉的人寻求帮助或发起对话时，我会感到明显的心理负担。 | B3: =COUNTIF(OFFSET(总表单!$A:$A,0,ROW(A2)-1),B$1) -> 19 | C3: =COUNTIF(OFFSET(总表单!$A:$A,0,ROW(B2)-1),C$1) -> 19 | D3: =COUNTIF(OFFSET(总表单!$A:$A,0,ROW(C2)-1),D$1) -> 26 | E3: =COUNTIF(OFFSET(总表单!$A:$A,0,ROW(D2)-1),E$1) -> 32 | F3: =COUNTIF(OFFSET(总表单!$A:$A,0,ROW(E2)-1),F$1) -> 21 | G3: =SUM(B3:F3) -> 117
A4: 1、我比较在意他人在社交场合中对我言行举止的实时评价。 | B4: =COUNTIF(OFFSET(总表单!$A:$A,0,ROW(A3)-1),B$1) -> 17 | C4: =COUNTIF(OFFSET(总表单!$A:$A,0,ROW(B3)-1),C$1) -> 23 | D4: =COUNTIF(OFFSET(总表单!$A:$A,0,ROW(C3)-1),D$1) -> 25 | E4: =COUNTIF(OFFSET(总表单!$A:$A,0,ROW(D3)-1),E$1) -> 29 | F4: =COUNTIF(OFFSET(总表单!$A:$A,0,ROW(E3)-1),F$1) -> 23 | G4: =SUM(B4:F4) -> 117
A5: 1、在面对面的即时社交后，我会感到精神疲惫，需要独处来恢复精力。 | B5: =COUNTIF(OFFSET(总表单!$A:$A,0,ROW(A4)-1),B$1) -> 12 | C5: =COUNTIF(OFFSET(总表单!$A:$A,0,ROW(B4)-1),C$1) -> 20 | D5: =COUNTIF(OFFSET(总表单!$A:$A,0,ROW(C4)-1),D$1) -> 28 | E5: =COUNTIF(OFFSET(总表单!$A:$A,0,ROW(D4)-1),E$1) -> 27 | F5: =COUNTIF(OFFSET(总表单!$A:$A,0,ROW(E4)-1),F$1) -> 30 | G5: =SUM(B5:F5) -> 117
A6: 1、相比于线下深度互动，我更习惯于社交媒体那种交流方式。 | B6: =COUNTIF(OFFSET(总表单!$A:$A,0,ROW(A5)-1),B$1) -> 14 | C6: =COUNTIF(OFFSET(总表单!$A:$A,0,ROW(B5)-1),C$1) -> 23 | D6: =COUNTIF(OFFSET(总表单!$A:$A,0,ROW(C5)-1),D$1) -> 33 | E6: =COUNTIF(OFFSET(总表单!$A:$A,0,ROW(D5)-1),E$1) -> 31 | F6: =COUNTIF(OFFSET(总表单!$A:$A,0,ROW(E5)-1),F$1) -> 16 | G6: =SUM(B6:F6) -> 117
A7: 2、请根据您的实际情况，对以下描述的符合程度进行评价—在正式或陌生的社交场合，我常感到难以自然地掌控自己的肢体语言（如眼神、手势）。 | B7: =COUNTIF(OFFSET(总表单!$A:$A,0,ROW(A6)-1),B$1) -> 21 | C7: =COUNTIF(OFFSET(总表单!$A:$A,0,ROW(B6)-1),C$1) -> 17 | D7: =COUNTIF(OFFSET(总表单!$A:$A,0,ROW(C6)-1),D$1) -> 35 | E7: =COUNTIF(OFFSET(总表单!$A:$A,0,ROW(D6)-1),E$1) -> 29 | F7: =COUNTIF(OFFSET(总表单!$A:$A,0,ROW(E6)-1),F$1) -> 15 | G7: =SUM(B7:F7) -> 117
A8: 2、我觉得在他人注视下完成某项具体任务（如演示手工艺、操作设备）会影响我的发挥。 | B8: =COUNTIF(OFFSET(总表单!$A:$A,0,ROW(A7)-1),B$1) -> 10 | C8: =COUNTIF(OFFSET(总表单!$A:$A,0,ROW(B7)-1),C$1) -> 16 | D8: =COUNTIF(OFFSET(总表单!$A:$A,0,ROW(C7)-1),D$1) -> 33 | E8: =COUNTIF(OFFSET(总表单!$A:$A,0,ROW(D7)-1),E$1) -> 35 | F8: =COUNTIF(OFFSET(总表单!$A:$A,0,ROW(E7)-1),F$1) -> 23 | G8: =SUM(B8:F8) -> 117
A9: 2、在线下交流时，我容易受到环境噪音、光线或他人距离的影响而分心。 | B9: =COUNTIF(OFFSET(总表单!$A:$A,0,ROW(A8)-1),B$1) -> 8 | C9: =COUNTIF(OFFSET(总表单!$A:$A,0,ROW(B8)-1),C$1) -> 26 | D9: =COUNTIF(OFFSET(总表单!$A:$A,0,ROW(C8)-1),D$1) -> 36 | E9: =COUNTIF(OFFSET(总表单!$A:$A,0,ROW(D8)-1),E$1) -> 28 | F9: =COUNTIF(OFFSET(总表单!$A:$A,0,ROW(E8)-1),F$1) -> 19 | G9: =SUM(B9:F9) -> 117
A10: 2、尽管身处集体活动中，我仍偶尔会产生一种“局外人”的心理距离感。 | B10: =COUNTIF(OFFSET(总表单!$A:$A,0,ROW(A9)-1),B$1) -> 12 | C10: =COUNTIF(OFFSET(总表单!$A:$A,0,ROW(B9)-1),C$1) -> 20 | D10: =COUNTIF(OFFSET(总表单!$A:$A,0,ROW(C9)-1),D$1) -> 35 | E10: =COUNTIF(OFFSET(总表单!$A:$A,0,ROW(D9)-1),E$1) -> 29 | F10: =COUNTIF(OFFSET(总表单!$A:$A,0,ROW(E9)-1),F$1) -> 21 | G10: =SUM(B10:F10) -> 117
A11: 3、请根据您的实际情况，对以下描述的符合程度进行评价—我更依赖社交媒体（如朋友圈、动态）来展示自我。 | B11: =COUNTIF(OFFSET(总表单!$A:$A,0,ROW(A10)-1),B$1) -> 16 | C11: =COUNTIF(OFFSET(总表单!$A:$A,0,ROW(B10)-1),C$1) -> 29 | D11: =COUNTIF(OFFSET(总表单!$A:$A,0,ROW(C10)-1),D$1) -> 25 | E11: =COUNTIF(OFFSET(总表单!$A:$A,0,ROW(D10)-1),E$1) -> 29 | F11: =COUNTIF(OFFSET(总表单!$A:$A,0,ROW(E10)-1),F$1) -> 18 | G11: =SUM(B11:F11) -> 117
A12: 3、我发现自己在虚拟社交平台（如游戏社区、匿名频道）中表现得比现实中更开朗活跃。 | B12: =COUNTIF(OFFSET(总表单!$A:$A,0,ROW(A11)-1),B$1) -> 14 | C12: =COUNTIF(OFFSET(总表单!$A:$A,0,ROW(B11)-1),C$1) -> 18 | D12: =COUNTIF(OFFSET(总表单!$A:$A,0,ROW(C11)-1),D$1) -> 33 | E12: =COUNTIF(OFFSET(总表单!$A:$A,0,ROW(D11)-1),E$1) -> 32 | F12: =COUNTIF(OFFSET(总表单!$A:$A,0,ROW(E11)-1),F$1) -> 20 | G12: =SUM(B12:F12) -> 117
A13: 3、我倾向于在社交中使用虚拟形象或表情包，因为它们能更安全地代为传达情感。 | B13: =COUNTIF(OFFSET(总表单!$A:$A,0,ROW(A12)-1),B$1) -> 13 | C13: =COUNTIF(OFFSET(总表单!$A:$A,0,ROW(B12)-1),C$1) -> 13 | D13: =COUNTIF(OFFSET(总表单!$A:$A,0,ROW(C12)-1),D$1) -> 25 | E13: =COUNTIF(OFFSET(总表单!$A:$A,0,ROW(D12)-1),E$1) -> 38 | F13: =COUNTIF(OFFSET(总表单!$A:$A,0,ROW(E12)-1),F$1) -> 28 | G13: =SUM(B13:F13) -> 117
... A17: 相比于无明确主题的自由闲聊，我更倾向于在有共同目标、任务导向的场景中开展社交互动 | B17: =COUNTIF(OFFSET(总表单!$A:$A,0,ROW(A16)-1),B$1) -> 5 | C17: =COUNTIF(OFFSET(总表单!$A:$A,0,ROW(B16)-1),C$1) -> 8 | D17: =COUNTIF(OFFSET(总表单!$A:$A,0,ROW(C16)-1),D$1) -> 33 | E17: =COUNTIF(OFFSET(总表单!$A:$A,0,ROW(D16)-1),E$1) -> 49 | F17: =COUNTIF(OFFSET(总表单!$A:$A,0,ROW(E16)-1),F$1) -> 22 | G17: =SUM(B17:F17) -> 117

Sheet Sheet4
B1: 非常不符合 | C1: 比较不符合 | D1: 一般 | E1: 比较符合 | F1: 非常符合
A2: 1、请根据您的实际情况，对以下描述的符合程度进行评价—在多人参与的讨论中（如小组作业、社团开会），我倾向于保持沉默而非主动发言。 | B2: =COUNTIF(OFFSET(总表单!$A:$A,0,ROW(A1)-1),B$1) -> 17 | C2: =COUNTIF(OFFSET(总表单!$A:$A,0,ROW(B1)-1),C$1) -> 21 | D2: =COUNTIF(OFFSET(总表单!$A:$A,0,ROW(C1)-1),D$1) -> 28 | E2: =COUNTIF(OFFSET(总表单!$A:$A,0,ROW(D1)-1),E$1) -> 33 | F2: =COUNTIF(OFFSET(总表单!$A:$A,0,ROW(E1)-1),F$1) -> 18
A3: 1、当需要向不熟悉的人寻求帮助或发起对话时，我会感到明显的心理负担。 | B3: =COUNTIF(OFFSET(总表单!$A:$A,0,ROW(A2)-1),B$1) -> 19 | C3: =COUNTIF(OFFSET(总表单!$A:$A,0,ROW(B2)-1),C$1) -> 19 | D3: =COUNTIF(OFFSET(总表单!$A:$A,0,ROW(C2)-1),D$1) -> 26 | E3: =COUNTIF(OFFSET(总表单!$A:$A,0,ROW(D2)-1),E$1) -> 32 | F3: =COUNTIF(OFFSET(总表单!$A:$A,0,ROW(E2)-1),F$1) -> 21
A4: 1、我比较在意他人在社交场合中对我言行举止的实时评价。 | B4: =COUNTIF(OFFSET(总表单!$A:$A,0,ROW(A3)-1),B$1) -> 17 | C4: =COUNTIF(OFFSET(总表单!$A:$A,0,ROW(B3)-1),C$1) -> 23 | D4: =COUNTIF(OFFSET(总表单!$A:$A,0,ROW(C3)-1),D$1) -> 25 | E4: =COUNTIF(OFFSET(总表单!$A:$A,0,ROW(D3)-1),E$1) -> 29 | F4: =COUNTIF(OFFSET(总表单!$A:$A,0,ROW(E3)-1),F$1) -> 23
A5: 1、在面对面的即时社交后，我会感到精神疲惫，需要独处来恢复精力。 | B5: =COUNTIF(OFFSET(总表单!$A:$A,0,ROW(A4)-1),B$1) -> 12 | C5: =COUNTIF(OFFSET(总表单!$A:$A,0,ROW(B4)-1),C$1) -> 20 | D5: =COUNTIF(OFFSET(总表单!$A:$A,0,ROW(C4)-1),D$1) -> 28 | E5: =COUNTIF(OFFSET(总表单!$A:$A,0,ROW(D4)-1),E$1) -> 27 | F5: =COUNTIF(OFFSET(总表单!$A:$A,0,ROW(E4)-1),F$1) -> 30
A8: 2、我觉得在他人注视下完成某项具体任务（如演示手工艺、操作设备）会影响我的发挥。 | B8: =COUNTIF(OFFSET(总表单!$A:$A,0,ROW(A7)-1),B$1) -> 10 | C8: =COUNTIF(OFFSET(总表单!$A:$A,0,ROW(B7)-1),C$1) -> 16 | D8: =COUNTIF(OFFSET(总表单!$A:$A,0,ROW(C7)-1),D$1) -> 33 | E8: =COUNTIF(OFFSET(总表单!$A:$A,0,ROW(D7)-1),E$1) -> 35 | F8: =COUNTIF(OFFSET(总表单!$A:$A,0,ROW(E7)-1),F$1) -> 23
A9: 2、在线下交流时，我容易受到环境噪音、光线或他人距离的影响而分心。 | B9: =COUNTIF(OFFSET(总表单!$A:$A,0,ROW(A8)-1),B$1) -> 8 | C9: =COUNTIF(OFFSET(总表单!$A:$A,0,ROW(B8)-1),C$1) -> 26 | D9: =COUNTIF(OFFSET(总表单!$A:$A,0,ROW(C8)-1),D$1) -> 36 | E9: =COUNTIF(OFFSET(总表单!$A:$A,0,ROW(D8)-1),E$1) -> 28 | F9: =COUNTIF(OFFSET(总表单!$A:$A,0,ROW(E8)-1),F$1) -> 19
A10: 2、尽管身处集体活动中，我仍偶尔会产生一种“局外人”的心理距离感。 | B10: =COUNTIF(OFFSET(总表单!$A:$A,0,ROW(A9)-1),B$1) -> 12 | C10: =COUNTIF(OFFSET(总表单!$A:$A,0,ROW(B9)-1),C$1) -> 20 | D10: =COUNTIF(OFFSET(总表单!$A:$A,0,ROW(C9)-1),D$1) -> 35 | E10: =COUNTIF(OFFSET(总表单!$A:$A,0,ROW(D9)-1),E$1) -> 29 | F10: =COUNTIF(OFFSET(总表单!$A:$A,0,ROW(E9)-1),F$1) -> 21
A13: 3我更依赖社交媒体（如朋友圈、动态）来展示自我。 | B13: =COUNTIF(OFFSET(总表单!$A:$A,0,ROW(A10)-1),B$1) -> 16 | C13: =COUNTIF(OFFSET(总表单!$A:$A,0,ROW(B10)-1),C$1) -> 29 | D13: =COUNTIF(OFFSET(总表单!$A:$A,0,ROW(C10)-1),D$1) -> 25 | E13: =COUNTIF(OFFSET(总表单!$A:$A,0,ROW(D10)-1),E$1) -> 29 | F13: =COUNTIF(OFFSET(总表单!$A:$A,0,ROW(E10)-1),F$1) -> 18
A14: 3、我发现自己在虚拟社交平台（如游戏社区、匿名频道）中表现得比现实中更开朗活跃。 | B14: =COUNTIF(OFFSET(总表单!$A:$A,0,ROW(A13)-1),B$1) -> 7 | C14: =COUNTIF(OFFSET(总表单!$A:$A,0,ROW(B13)-1),C$1) -> 15 | D14: =COUNTIF(OFFSET(总表单!$A:$A,0,ROW(C13)-1),D$1) -> 33 | E14: =COUNTIF(OFFSET(总表单!$A:$A,0,ROW(D13)-1),E$1) -> 35 | F14: =COUNTIF(OFFSET(总表单!$A:$A,0,ROW(E13)-1),F$1) -> 27
A15: 3、我倾向于在社交中使用虚拟形象或表情包，因为它们能更安全地代为传达情感。 | B15: 13 | C15: 13 | D15: 25 | E15: 38 | F15: 28
A17: 3、我对通过 XR 技术构建的新型社交空间持有积极的好奇心和尝试意愿。 | B17: 7 | C17: 17 | D17: 31 | E17: 35 | F17: 27
A18: 3、如果有一个沉浸式的虚拟空间能让我通过完成任务而非单纯聊天来社交，我愿意尝试。 | B18: 6 | C18: 17 | D18: 33 | E18: 39 | F18: 22
A19: ）相比于开阔、人员密集的公共社交场景，我更偏好尺度适中、氛围私密的小范围社交空间 | B19: 0 | C19: 3 | D19: 33 | E19: 62 | F19: 19
A20: 相比于无明确主题的自由闲聊，我更倾向于在有共同目标、任务导向的场景中开展社交互动 | B20: 5 | C20: 8 | D20: 33 | E20: 49 | F20: 22

Sheet Sheet5

Sheet Sheet6
A1: 题目 | B1: 非常不符合 | C1: 比较不符合 | D1: 一般 | E1: 比较符合 | F1: 非常符合 | G1: 总和
A2: 题1_清晰理解主线故事 | B2: 0 | C2: 0 | D2: 0 | E2: 9 | F2: 11 | G2: 20
A3: 题2_故事与协作结合紧密 | B3: 0 | C3: 0 | D3: 0 | E3: 7 | F3: 13 | G3: 20
A4: 题3_3D叙事设计有帮助 | B4: 0 | C4: 0 | D4: 0 | E4: 9 | F4: 11 | G4: 20
A5: 题4_非对称任务推动协作 | B5: 0 | C5: 0 | D5: 0 | E5: 5 | F5: 15 | G5: 20
A6: 题5_交互操作上手难度反 | B6: 8 | C6: 9 | D6: 3 | E6: 0 | F6: 0 | G6: 20
A7: 题6_摇杆瞬移眩晕感反 | B7: 8 | C7: 5 | D7: 7 | E7: 0 | F7: 0 | G7: 20
A8: 题7_摇杆平滑眩晕感反 | B8: 0 | C8: 3 | D8: 8 | E8: 5 | F8: 4 | G8: 20
A9: 题8_右手摇杆眩晕感反 | B9: 0 | C9: 4 | D9: 9 | E9: 7 | F9: 0 | G9: 20
A10: 题9_瞬间切换眩晕感反 | B10: 9 | C10: 9 | D10: 2 | E10: 0 | F10: 0 | G10: 20
A11: 题10_大范围走动眩晕感反 | B11: 7 | C11: 8 | D11: 3 | E11: 2 | F11: 0 | G11: 20
A12: 题11_被他人注视不自在 | B12: 0 | C12: 7 | D12: 11 | E12: 2 | F12: 0 | G12: 20
A13: 题12_首次进入未知环境紧张 | B13: 5 | C13: 9 | D13: 2 | E13: 4 | F13: 0 | G13: 20
... A20: 题19_愿意分享体验 | B20: 0 | C20: 0 | D20: 0 | E20: 10 | F20: 10 | G20: 20
